"email","firstName","lastName"
"email13203627721536@testdomain.com","first13203627721534","last13203627721535"
"email13203627722319@testdomain.com","first13203627722317","last13203627722318"
"email132036277229312@testdomain.com","first132036277229310","last132036277229311"
"email132036277235615@testdomain.com","first132036277235613","last132036277235614"
"email132036277241818@testdomain.com","first132036277241816","last132036277241817"
"email132036277248021@testdomain.com","first132036277248019","last132036277248020"
"email132036277254324@testdomain.com","first132036277254322","last132036277254323"
"email132036277259027@testdomain.com","first132036277259025","last132036277259026"
"email132036277265230@testdomain.com","first132036277265228","last132036277265229"
"email132036277271433@testdomain.com","first132036277271431","last132036277271432"
"email132036277279236@testdomain.com","first132036277279234","last132036277279235"
"email132036277285439@testdomain.com","first132036277285437","last132036277285438"
"email132036277291742@testdomain.com","first132036277291740","last132036277291741"
"email132036277296445@testdomain.com","first132036277296443","last132036277296444"
"email132036277304248@testdomain.com","first132036277304246","last132036277304247"
"email132036277310451@testdomain.com","first132036277310449","last132036277310450"
"email132036277322954@testdomain.com","first132036277322952","last132036277322953"
"email132036277329157@testdomain.com","first132036277329155","last132036277329156"
"email132036277335360@testdomain.com","first132036277335358","last132036277335359"
"email132036277341663@testdomain.com","first132036277341661","last132036277341662"
"email132036277347866@testdomain.com","first132036277347864","last132036277347865"
"email132036277354069@testdomain.com","first132036277354067","last132036277354068"
"email132036277360372@testdomain.com","first132036277360370","last132036277360371"
"email132036277364975@testdomain.com","first132036277364973","last132036277364974"
"email132036277372778@testdomain.com","first132036277372776","last132036277372777"
"email132036277385281@testdomain.com","first132036277385279","last132036277385280"
"email132036277391484@testdomain.com","first132036277391482","last132036277391483"
"email132036277397787@testdomain.com","first132036277397785","last132036277397786"
"email132036277403990@testdomain.com","first132036277403988","last132036277403989"
"email132036277408693@testdomain.com","first132036277408691","last132036277408692"
"email132036277414896@testdomain.com","first132036277414894","last132036277414895"
"email132036277421099@testdomain.com","first132036277421097","last132036277421098"
"email1320362774257102@testdomain.com","first1320362774257100","last1320362774257101"
"email1320362774366105@testdomain.com","first1320362774366103","last1320362774366104"
"email1320362774460108@testdomain.com","first1320362774460106","last1320362774460107"
"email1320362774507111@testdomain.com","first1320362774507109","last1320362774507110"
"email1320362774569114@testdomain.com","first1320362774569112","last1320362774569113"
"email1320362774631117@testdomain.com","first1320362774631115","last1320362774631116"
"email1320362774694120@testdomain.com","first1320362774694118","last1320362774694119"
"email1320362774772123@testdomain.com","first1320362774772121","last1320362774772122"
"email1320362774834126@testdomain.com","first1320362774834124","last1320362774834125"
"email1320362774912129@testdomain.com","first1320362774912127","last1320362774912128"
"email1320362774974132@testdomain.com","first1320362774974130","last1320362774974131"
"email1320362775037135@testdomain.com","first1320362775037133","last1320362775037134"
"email1320362775099138@testdomain.com","first1320362775099136","last1320362775099137"
"email1320362775161141@testdomain.com","first1320362775161139","last1320362775161140"
"email1320362775224144@testdomain.com","first1320362775224142","last1320362775224143"
"email1320362775286147@testdomain.com","first1320362775286145","last1320362775286146"
"email1320362775333150@testdomain.com","first1320362775333148","last1320362775333149"
"email1320362775395153@testdomain.com","first1320362775395151","last1320362775395152"
"email1320362775457156@testdomain.com","first1320362775457154","last1320362775457155"
"email1320362775520159@testdomain.com","first1320362775520157","last1320362775520158"
"email1320362775598162@testdomain.com","first1320362775598160","last1320362775598161"
"email1320362775660165@testdomain.com","first1320362775660163","last1320362775660164"
"email1320362775722168@testdomain.com","first1320362775722166","last1320362775722167"
"email1320362775785171@testdomain.com","first1320362775785169","last1320362775785170"
"email1320362775847174@testdomain.com","first1320362775847172","last1320362775847173"
"email1320362775894177@testdomain.com","first1320362775894175","last1320362775894176"
"email1320362775956180@testdomain.com","first1320362775956178","last1320362775956179"
"email1320362776034183@testdomain.com","first1320362776034181","last1320362776034182"
"email1320362776096186@testdomain.com","first1320362776096184","last1320362776096185"
"email1320362776159189@testdomain.com","first1320362776159187","last1320362776159188"
"email1320362776221192@testdomain.com","first1320362776221190","last1320362776221191"
"email1320362776283195@testdomain.com","first1320362776283193","last1320362776283194"
"email1320362776330198@testdomain.com","first1320362776330196","last1320362776330197"
"email1320362776393201@testdomain.com","first1320362776393199","last1320362776393200"
"email1320362776455204@testdomain.com","first1320362776455202","last1320362776455203"
"email1320362776517207@testdomain.com","first1320362776517205","last1320362776517206"
"email1320362776580210@testdomain.com","first1320362776580208","last1320362776580209"
"email1320362776626213@testdomain.com","first1320362776626211","last1320362776626212"
"email1320362776704216@testdomain.com","first1320362776704214","last1320362776704215"
"email1320362776751219@testdomain.com","first1320362776751217","last1320362776751218"
"email1320362776813222@testdomain.com","first1320362776813220","last1320362776813221"
"email1320362776876225@testdomain.com","first1320362776876223","last1320362776876224"
"email1320362776938228@testdomain.com","first1320362776938226","last1320362776938227"
"email1320362776985231@testdomain.com","first1320362776985229","last1320362776985230"
"email1320362777047234@testdomain.com","first1320362777047232","last1320362777047233"
"email1320362777094237@testdomain.com","first1320362777094235","last1320362777094236"
"email1320362777156240@testdomain.com","first1320362777156238","last1320362777156239"
"email1320362777219243@testdomain.com","first1320362777219241","last1320362777219242"
"email1320362777281246@testdomain.com","first1320362777281244","last1320362777281245"
"email1320362777328249@testdomain.com","first1320362777328247","last1320362777328248"
"email1320362777390252@testdomain.com","first1320362777390250","last1320362777390251"
"email1320362777452255@testdomain.com","first1320362777452253","last1320362777452254"
"email1320362777515258@testdomain.com","first1320362777515256","last1320362777515257"
"email1320362777562261@testdomain.com","first1320362777562259","last1320362777562260"
"email1320362777624264@testdomain.com","first1320362777624262","last1320362777624263"
"email1320362777686267@testdomain.com","first1320362777686265","last1320362777686266"
"email1320362777749270@testdomain.com","first1320362777749268","last1320362777749269"
"email1320362777811273@testdomain.com","first1320362777811271","last1320362777811272"
"email1320362777873276@testdomain.com","first1320362777873274","last1320362777873275"
"email1320362777936279@testdomain.com","first1320362777936277","last1320362777936278"
"email1320362777982282@testdomain.com","first1320362777982280","last1320362777982281"
"email1320362778045285@testdomain.com","first1320362778045283","last1320362778045284"
"email1320362778107288@testdomain.com","first1320362778107286","last1320362778107287"
"email1320362778169291@testdomain.com","first1320362778169289","last1320362778169290"
"email1320362778216294@testdomain.com","first1320362778216292","last1320362778216293"
"email1320362778278297@testdomain.com","first1320362778278295","last1320362778278296"
"email1320362778341300@testdomain.com","first1320362778341298","last1320362778341299"
"email1320362778450303@testdomain.com","first1320362778450301","last1320362778450302"
